{"cameraMode":{"drawMode":0,"name":"Shaded","section":"Shading Mode"},"sceneLighting":true,"audioPlay":false,"sceneViewState":{"showFog":true,"showMaterialUpdate":true,"showSkybox":true,"showFlares":true,"showImageEffects":true,"showParticleSystems":true},"in2DMode":false,"pivot":{"x":-0.8147897720336914,"y":0.35521960258483889,"z":-0.5715009570121765},"rotation":{"x":0.1461021900177002,"y":0.7374258637428284,"z":-0.16901955008506776,"w":0.6374398469924927},"size":1.4258458614349366,"orthographic":false}