{"cameraMode":{"drawMode":0,"name":"Shaded","section":"Shading Mode"},"sceneLighting":true,"audioPlay":false,"sceneViewState":{"showFog":true,"showMaterialUpdate":true,"showSkybox":true,"showFlares":true,"showImageEffects":true,"showParticleSystems":true},"in2DMode":false,"pivot":{"x":185.34820556640626,"y":365.2012939453125,"z":7.51226806640625},"rotation":{"x":0.05127042904496193,"y":-0.02696714736521244,"z":0.0013619597302749754,"w":0.9983432292938232},"size":322.3996276855469,"orthographic":false}