{"cameraMode":{"drawMode":0,"name":"Shaded","section":"Shading Mode"},"sceneLighting":false,"audioPlay":false,"sceneViewState":{"showFog":true,"showMaterialUpdate":true,"showSkybox":false,"showFlares":true,"showImageEffects":true,"showParticleSystems":true},"in2DMode":false,"pivot":{"x":0.4404563903808594,"y":1.1349999904632569,"z":-0.1007247269153595},"rotation":{"x":0.14034859836101533,"y":0.7158342003822327,"z":-0.1505628228187561,"w":0.6672719120979309},"size":0.17320510745048524,"orthographic":false}