{"cameraMode":{"drawMode":0,"name":"Shaded","section":"Shading Mode"},"sceneLighting":true,"audioPlay":false,"sceneViewState":{"showFog":true,"showMaterialUpdate":true,"showSkybox":true,"showFlares":true,"showImageEffects":true,"showParticleSystems":true},"in2DMode":false,"pivot":{"x":-1.809100866317749,"y":0.4224929213523865,"z":-0.026504814624786378},"rotation":{"x":-0.018194474279880525,"y":-0.6912503838539124,"z":-0.017418043687939645,"w":0.7221997976303101},"size":1.4142224788665772,"orthographic":false}