{"cameraMode":{"drawMode":0,"name":"Shaded","section":"Shading Mode"},"sceneLighting":true,"audioPlay":false,"sceneViewState":{"showFog":true,"showMaterialUpdate":true,"showSkybox":true,"showFlares":true,"showImageEffects":true,"showParticleSystems":true},"in2DMode":false,"pivot":{"x":18.51024627685547,"y":-1.1542608737945557,"z":3.5031166076660158},"rotation":{"x":0.06876847892999649,"y":0.6957680583000183,"z":-0.06721725314855576,"w":0.711820662021637},"size":17.444379806518556,"orthographic":false}