{"cameraMode":{"drawMode":0,"name":"Shaded","section":"Shading Mode"},"sceneLighting":true,"audioPlay":false,"sceneViewState":{"showFog":true,"showMaterialUpdate":false,"showSkybox":true,"showFlares":true,"showImageEffects":true,"showParticleSystems":true},"in2DMode":false,"pivot":{"x":4.5511040687561039,"y":0.28120696544647219,"z":-2.3943209648132326},"rotation":{"x":0.02775869145989418,"y":0.8474652767181397,"z":-0.04453285411000252,"w":0.5282511711120606},"size":3.8408620357513429,"orthographic":false}