{"cameraMode":{"drawMode":0,"name":"Shaded","section":"Shading Mode"},"sceneLighting":false,"audioPlay":false,"sceneViewState":{"showFog":true,"showMaterialUpdate":false,"showSkybox":false,"showFlares":true,"showImageEffects":true,"showParticleSystems":true},"in2DMode":false,"pivot":{"x":1.3125724792480469,"y":3.662527322769165,"z":1.7995672225952149},"rotation":{"x":0.02775869145989418,"y":0.8474652767181397,"z":-0.04453285411000252,"w":0.5282511711120606},"size":10.609275817871094,"orthographic":false}