{"cameraMode":{"drawMode":0,"name":"Shaded","section":"Shading Mode"},"sceneLighting":false,"audioPlay":false,"sceneViewState":{"showFog":true,"showMaterialUpdate":false,"showSkybox":false,"showFlares":true,"showImageEffects":true,"showParticleSystems":true},"in2DMode":false,"pivot":{"x":-0.8809999823570252,"y":0.1509999930858612,"z":0.0},"rotation":{"x":0.02775869145989418,"y":0.8474652767181397,"z":-0.04453285411000252,"w":0.5282511711120606},"size":0.17683325707912446,"orthographic":false}