{"cameraMode":{"drawMode":0,"name":"Shaded","section":"Shading Mode"},"sceneLighting":true,"audioPlay":false,"sceneViewState":{"showFog":true,"showMaterialUpdate":false,"showSkybox":true,"showFlares":true,"showImageEffects":true,"showParticleSystems":true},"in2DMode":false,"pivot":{"x":0.2283954620361328,"y":-0.24895429611206056,"z":0.32334622740745547},"rotation":{"x":0.14814874529838563,"y":0.5638299584388733,"z":-0.103656105697155,"w":0.8058672547340393},"size":0.8287245631217957,"orthographic":false}